mzbin,feature,cluster,charge
358.6944,1,1,2
359.1960775,1,1,2
360.9479,2,2,4
361.1985686235,2,2,4
361.449337246,2,2,4
361.700175996,2,2,4
360.9479,3,2,2
361.449337246,3,2,2
361.1985686235,4,2,4
361.449337246,4,2,4
361.700175996,4,2,4
361.1985686235,5,2,2
361.700175996,5,2,2
361.449337246,6,2,4
361.700175996,6,2,4
367.7246,7,3,2
368.22627750000004,7,3,2
367.9403,8,4,4
368.19197013250005,8,4,4
368.19197013250005,9,4,3
368.52752683849997,9,4,3
368.861978505,9,4,3
368.52752683849997,10,4,3
368.861978505,10,4,3
369.69820000000004,11,5,4
369.94903875,11,5,4
374.2274,12,6,4
374.4782186225,12,6,4
374.7290573725,12,6,4
374.2274,13,6,2
374.7290573725,13,6,2
374.4782186225,14,6,4
374.7290573725,14,6,4
383.22159999999997,15,7,4
383.4723186235,15,7,4
383.7228872475,15,7,4
383.97372599749997,15,7,4
383.22159999999997,16,7,2
383.7228872475,16,7,2
383.4723186235,17,7,4
383.7228872475,17,7,4
383.97372599749997,17,7,4
383.4723186235,18,7,2
383.97372599749997,18,7,2
383.7228872475,19,7,4
383.97372599749997,19,7,4
385.69939999999997,20,8,4
385.95057012949997,20,8,4
386.4522476295,20,8,4
385.95057012949997,21,8,2
386.4522476295,21,8,2
387.4582394015,21,8,2
386.20640000000003,22,8,1
387.20972449,22,8,1
387.20972449,23,8,4
387.4582394015,23,8,4
401.8925,24,9,3
402.226951667,24,9,3
405.76189999999997,25,10,2
406.26348724549996,25,10,2
406.7651647455,25,10,2
405.76189999999997,26,10,1
406.7651647455,26,10,1
406.26348724549996,27,10,2
406.7651647455,27,10,2
419.7455,28,11,2
420.2471775,28,11,2
431.7439,29,12,4
431.9947186225,29,12,4
432.2455573725,29,12,4
431.7439,30,12,2
432.2455573725,30,12,2
431.9947186225,31,12,4
432.2455573725,31,12,4
436.26480000000004,32,13,2
436.76608724749997,32,13,2
437.2675744935,32,13,2
437.7692519935,32,13,2
436.26480000000004,33,13,1
437.2675744935,33,13,1
436.76608724749997,34,13,2
437.2675744935,34,13,2
437.7692519935,34,13,2
436.76608724749997,35,13,1
437.7692519935,35,13,1
437.2675744935,36,13,2
437.7692519935,36,13,2
438.2482,37,14,2
438.7498775,37,14,2
440.2138,38,15,2
440.7160902585,38,15,2
441.21776775850003,38,15,2
440.7160902585,39,15,2
441.21776775850003,39,15,2
443.21709999999996,40,16,3
443.5515516665,40,16,3
443.7646,41,17,2
444.2661872455,41,17,2
444.7678647455,41,17,2
443.7646,42,17,1
444.7678647455,42,17,1
444.2661872455,43,17,2
444.7678647455,43,17,2
445.1187,44,18,1
446.122055,44,18,1
458.447,45,19,1
459.450355,45,19,1
463.91319999999996,46,20,3
464.247926838,46,20,3
464.247926838,47,20,2
464.7498775,47,20,2
466.5625,48,21,3
466.8965248325,48,21,3
467.230976499,48,21,3
466.8965248325,49,21,3
467.230976499,49,21,3
468.4599,50,22,1
469.465067766,50,22,1
468.9652,51,22,4
469.215968623,51,22,4
469.465067766,51,22,4
469.717105871,51,22,4
469.967944621,51,22,4
468.9652,52,22,2
469.465067766,52,22,2
469.967944621,52,22,2
468.9652,53,22,1
469.967944621,53,22,1
469.215968623,54,22,4
469.465067766,54,22,4
469.717105871,54,22,4
469.967944621,54,22,4
469.215968623,55,22,2
469.717105871,55,22,2
469.465067766,56,22,4
469.717105871,56,22,4
469.967944621,56,22,4
469.465067766,57,22,2
469.967944621,57,22,2
469.717105871,58,22,4
469.967944621,58,22,4
471.56010000000003,59,23,3
471.89457683700005,59,23,3
472.22924092,59,23,3
471.56010000000003,60,23,2
472.0617775,60,23,2
471.7278,61,23,2
472.22924092,61,23,2
471.89457683700005,62,23,3
472.22924092,62,23,3
480.7831,63,24,2
481.284487247,63,24,2
481.786124492,63,24,2
482.287801992,63,24,2
480.7831,64,24,1
481.786124492,64,24,1
480.928,65,25,1
481.93105132849996,65,25,1
481.284487247,66,24,2
481.786124492,66,24,2
482.287801992,66,24,2
481.284487247,67,24,1
482.287801992,67,24,1
481.5963,68,25,3
481.93105132849996,68,25,3
482.599655,68,25,3
481.5963,69,25,1
482.599655,69,25,1
481.786124492,70,24,2
482.287801992,70,24,2
487.6251,71,26,4
487.876920133,71,26,4
488.12775888299996,71,26,4
487.6251,72,26,2
488.12775888299996,72,26,2
487.876920133,73,26,4
488.12775888299996,73,26,4
489.28589999999997,74,27,2
489.7875775,74,27,2
490.2532,75,28,3
490.5876516665,75,28,3
491.2537745065,75,28,3
492.256625836,75,28,3
491.2537745065,76,28,1
492.256625836,76,28,1
493.2598321955,76,28,1
491.9189,77,28,3
492.256625836,77,28,3
493.2598321955,77,28,3
492.594,78,28,3
492.928476837,78,28,3
493.2598321955,78,28,3
492.928476837,79,28,3
493.2598321955,79,28,3
495.5161,80,29,4
495.766868623,80,29,4
496.017707373,80,29,4
495.5161,81,29,2
496.017707373,81,29,2
495.766868623,82,29,4
496.017707373,82,29,4
500.96029999999996,83,30,3
501.2937748355,83,30,3
501.6282265025,83,30,3
501.9626781695,83,30,3
500.96029999999996,84,30,1
501.9626781695,84,30,1
501.2937748355,85,30,3
501.6282265025,85,30,3
501.9626781695,85,30,3
503.30211103550005,85,30,3
501.6282265025,86,30,3
501.9626781695,86,30,3
503.30211103550005,86,30,3
502.23159999999996,87,31,3
502.5660516665,87,31,3
503.30211103550005,88,30,1
504.30805499999997,88,30,1
508.2439,89,32,3
508.57687483899997,89,32,3
508.91132650550003,89,32,3
508.57687483899997,90,32,3
508.91132650550003,90,32,3
508.6152,91,33,3
508.9496516665,91,33,3
510.624361035,91,33,3
508.6152,92,33,2
509.117215087,92,33,2
510.624361035,92,33,2
508.7831,93,33,3
509.117215087,93,33,3
510.624361035,94,33,3
510.9611248305,94,33,3
511.29524966250005,94,33,3
511.6297013295,94,33,3
510.624361035,95,33,1
511.6297013295,95,33,1
510.9611248305,96,33,3
511.29524966250005,96,33,3
511.6297013295,96,33,3
511.1044,97,34,1
512.107755,97,34,1
511.29524966250005,98,33,3
511.6297013295,98,33,3
513.298998995,98,33,3
512.7949,99,33,2
513.298998995,99,33,2
513.798214745,99,33,2
512.7949,100,33,1
513.798214745,100,33,1
513.298998995,101,33,2
513.798214745,101,33,2
515.7736,102,35,4
516.0241686245,102,35,4
516.2746872485,102,35,4
516.5255259985,102,35,4
516.775974496,102,35,4
517.026813246,102,35,4
517.277651996,102,35,4
515.7736,103,35,2
516.2746872485,103,35,2
516.775974496,103,35,2
517.277651996,103,35,2
515.7736,104,35,1
516.775974496,104,35,1
516.0241686245,105,35,4
516.2746872485,105,35,4
516.5255259985,105,35,4
516.775974496,105,35,4
517.026813246,105,35,4
517.277651996,105,35,4
516.0241686245,106,35,2
516.5255259985,106,35,2
517.026813246,106,35,2
516.0241686245,107,35,1
517.026813246,107,35,1
516.2746872485,108,35,4
516.5255259985,108,35,4
516.775974496,108,35,4
517.026813246,108,35,4
517.277651996,108,35,4
516.2746872485,109,35,2
516.775974496,109,35,2
517.277651996,109,35,2
516.2746872485,110,35,1
517.277651996,110,35,1
516.5255259985,111,35,4
516.775974496,111,35,4
517.026813246,111,35,4
517.277651996,111,35,4
516.5255259985,112,35,2
517.026813246,112,35,2
516.775974496,113,35,4
517.026813246,113,35,4
517.277651996,113,35,4
516.775974496,114,35,2
517.277651996,114,35,2
517.026813246,115,35,4
517.277651996,115,35,4
520.3307,116,36,1
521.334055,116,36,1
520.9553000000001,117,37,3
521.2897516665,117,37,3
522.5977,118,38,3
522.9323268375,118,38,3
523.2653650945001,118,38,3
522.5977,119,38,2
523.09796409,119,38,2
522.7621,120,38,3
523.09796409,120,38,3
522.7621,121,38,2
523.2653650945001,121,38,2
522.9323268375,122,38,3
523.2653650945001,122,38,3
527.6186,123,39,3
527.9529748305,123,39,3
528.2870496625,123,39,3
528.6215013295,123,39,3
528.955349326,123,39,3
529.289800993,123,39,3
527.6186,124,39,1
528.6215013295,124,39,1
527.9529748305,125,39,3
528.2870496625,125,39,3
528.6215013295,125,39,3
528.955349326,125,39,3
529.289800993,125,39,3
527.9529748305,126,39,1
528.955349326,126,39,1
528.2465,127,40,4
528.49733875,127,40,4
528.2870496625,128,39,3
528.6215013295,128,39,3
528.955349326,128,39,3
529.289800993,128,39,3
528.2870496625,129,39,1
529.289800993,129,39,1
528.6215013295,130,39,3
528.955349326,130,39,3
529.289800993,130,39,3
528.955349326,131,39,3
529.289800993,131,39,3
530.2779,132,41,2
530.780240259,132,41,2
531.281917759,132,41,2
530.780240259,133,41,2
531.281917759,133,41,2
532.6105,134,42,3
532.9449248305,134,42,3
533.2793764965,134,42,3
532.9449248305,135,42,3
533.2793764965,135,42,3
537.9447,136,43,3
538.2791768365,136,43,3
538.6136285035,136,43,3
538.2791768365,137,43,3
538.6136285035,137,43,3
540.3851,138,44,4
540.63593875,138,44,4
540.5101999999999,139,45,4
540.76103875,139,45,4
547.3161,140,46,3
547.6502748315,140,46,3
547.9846996619999,140,46,3
548.3191513285001,140,46,3
548.653602995,140,46,3
547.3161,141,46,1
548.3191513285001,141,46,1
547.6502748315,142,46,3
547.9846996619999,142,46,3
548.3191513285001,142,46,3
548.653602995,142,46,3
547.6502748315,143,46,1
548.653602995,143,46,1
547.9846996619999,144,46,3
548.3191513285001,144,46,3
548.653602995,144,46,3
548.3191513285001,145,46,3
548.653602995,145,46,3
549.2764,146,47,4
549.5272387499999,146,47,4
551.9745,147,48,3
552.3098768425,147,48,3
552.6443285084999,147,48,3
552.3098768425,148,48,3
552.6443285084999,148,48,3
556.7524,149,49,4
557.00323875,149,49,4
558.0499,150,50,4
558.3007387499999,150,50,4
564.9584,151,51,3
565.2928516665,151,51,3
565.0042000000001,152,52,3
565.3386516665,152,52,3
568.2794,153,53,1
569.282755,153,53,1
568.9960000000001,154,54,3
569.3309268395,154,54,3
569.6655036770001,154,54,3
569.9999553435,154,54,3
568.9960000000001,155,54,1
569.9999553435,155,54,1
569.3309268395,156,54,3
569.6655036770001,156,54,3
569.9999553435,156,54,3
569.6655036770001,157,54,3
569.9999553435,157,54,3
571.5284,158,55,4
571.778768625,158,55,4
572.029607375,158,55,4
571.5284,159,55,2
572.029607375,159,55,2
571.778768625,160,55,4
572.029607375,160,55,4
572.5651,161,56,4
572.8144186320001,161,56,4
573.0645872585001,161,56,4
573.3154260085,161,56,4
573.8171035084999,161,56,4
572.8144186320001,162,56,4
573.0645872585001,162,56,4
573.3154260085,162,56,4
573.8171035084999,162,56,4
572.8144186320001,163,56,2
573.3154260085,163,56,2
573.8171035084999,163,56,2
572.8144186320001,164,56,1
573.8171035084999,164,56,1
573.0645872585001,165,56,4
573.3154260085,165,56,4
573.8171035084999,165,56,4
573.2568,166,57,4
573.5084201320001,166,57,4
573.75929026,166,57,4
574.0101290099999,166,57,4
574.2609409235,166,57,4
573.2568,167,57,3
573.59122483,167,57,3
573.9258268375,167,57,3
574.2609409235,167,57,3
573.2568,168,57,2
573.75929026,168,57,2
574.2609409235,168,57,2
573.2568,169,57,1
574.2609409235,169,57,1
573.3154260085,170,56,2
573.8171035084999,170,56,2
573.5084201320001,171,57,4
573.75929026,171,57,4
574.0101290099999,171,57,4
574.2609409235,171,57,4
573.5084201320001,172,57,2
574.0101290099999,172,57,2
573.59122483,173,57,3
573.9258268375,173,57,3
574.2609409235,173,57,3
573.75929026,174,57,4
574.0101290099999,174,57,4
574.2609409235,174,57,4
573.75929026,175,57,2
574.2609409235,175,57,2
573.9258268375,176,57,3
574.2609409235,176,57,3
574.0101290099999,177,57,4
574.2609409235,177,57,4
575.3115,178,58,2
575.8131774999999,178,58,2
576.0522,179,59,1
577.055555,179,59,1
577.6149,180,60,3
577.949726839,180,60,3
578.2841785055,180,60,3
577.949726839,181,60,3
578.2841785055,181,60,3
584.1156000000001,182,61,2
584.6172775,182,61,2
586.2701999999999,183,62,4
586.5203686264999,183,62,4
586.7715701340001,183,62,4
587.022408884,183,62,4
586.2701999999999,184,62,2
586.7715701340001,184,62,2
586.5203686264999,185,62,4
586.7715701340001,185,62,4
587.022408884,185,62,4
586.5203686264999,186,62,2
587.022408884,186,62,2
586.7715701340001,187,62,4
587.022408884,187,62,4
588.6703,188,63,3
589.004524831,188,63,3
589.338976498,188,63,3
589.6731244929999,188,63,3
590.0075761595,188,63,3
588.6703,189,63,1
589.6731244929999,189,63,1
589.004524831,190,63,3
589.338976498,190,63,3
589.6731244929999,190,63,3
590.0075761595,190,63,3
589.004524831,191,63,1
590.0075761595,191,63,1
589.338976498,192,63,3
589.6731244929999,192,63,3
590.0075761595,192,63,3
589.6731244929999,193,63,3
590.0075761595,193,63,3
591.274,194,64,4
591.5240186275,194,64,4
591.773837256,194,64,4
592.0246760059999,194,64,4
591.5240186275,195,64,4
591.773837256,195,64,4
592.0246760059999,195,64,4
591.5240186275,196,64,2
592.0246760059999,196,64,2
591.773837256,197,64,4
592.0246760059999,197,64,4
595.0267,198,65,2
595.5283775,198,65,2
596.1213,199,66,3
596.455524831,199,66,3
596.789887248,199,66,3
597.1242513289999,199,66,3
597.794567766,199,66,3
596.1213,200,66,2
596.622674833,200,66,2
597.1242513289999,200,66,2
596.2887000000001,201,66,3
596.622674833,201,66,3
596.9571264995,201,66,3
597.2929036840001,201,66,3
596.2887000000001,202,66,2
596.789887248,202,66,2
597.2929036840001,202,66,2
597.794567766,202,66,2
596.2887000000001,203,66,1
597.2929036840001,203,66,1
596.455524831,204,66,3
596.789887248,204,66,3
597.1242513289999,204,66,3
597.794567766,204,66,3
596.455524831,205,66,2
596.9571264995,205,66,2
596.622674833,206,66,3
596.9571264995,206,66,3
597.2929036840001,206,66,3
596.622674833,207,66,2
597.1242513289999,207,66,2
596.789887248,208,66,3
597.1242513289999,208,66,3
597.794567766,208,66,3
597.2929036840001,209,66,2
597.794567766,209,66,2
599.6172,210,67,3
599.9512748325001,210,67,3
600.2852496655,210,67,3
600.619324497,210,67,3
600.9537761639999,210,67,3
599.6172,211,67,1
600.619324497,211,67,1
599.9512748325001,212,67,3
600.2852496655,212,67,3
600.619324497,212,67,3
600.9537761639999,212,67,3
599.9512748325001,213,67,1
600.9537761639999,213,67,1
600.2852496655,214,67,3
600.619324497,214,67,3
600.9537761639999,214,67,3
600.619324497,215,67,3
600.9537761639999,215,67,3
601.994,216,68,3
602.328451667,216,68,3
605.8163999999999,217,69,2
606.3180775000001,217,69,2
606.8104,218,70,4
607.061320128,218,70,4
607.3114686270001,218,70,4
607.562307377,218,70,4
607.813146127,218,70,4
606.8104,219,70,2
607.3114686270001,219,70,2
607.813146127,219,70,2
606.8104,220,70,1
607.813146127,220,70,1
607.061320128,221,70,4
607.3114686270001,221,70,4
607.562307377,221,70,4
607.813146127,221,70,4
607.061320128,222,70,2
607.562307377,222,70,2
607.3114686270001,223,70,4
607.562307377,223,70,4
607.813146127,223,70,4
607.3114686270001,224,70,2
607.813146127,224,70,2
607.562307377,225,70,4
607.813146127,225,70,4
611.9694,226,71,3
612.3046768414999,226,71,3
612.6391285085,226,71,3
612.3046768414999,227,71,3
612.6391285085,227,71,3
616.9597,228,72,3
617.2956268455,228,72,3
618.2989818455001,228,72,3
617.2956268455,229,72,1
618.2989818455001,229,72,1
621.31052,229,72,1
622.3054,230,73,2
622.8080402610001,230,73,2
623.309717761,230,73,2
623.8112244965,230,73,2
622.3054,231,73,1
623.309717761,231,73,1
622.8080402610001,232,73,4
623.0597686230001,232,73,4
623.309717761,232,73,4
623.5605760005001,232,73,4
623.8112244965,232,73,4
624.0620632465,232,73,4
622.8080402610001,233,73,2
623.309717761,233,73,2
623.8112244965,233,73,2
622.8080402610001,234,73,1
623.8112244965,234,73,1
623.0597686230001,235,73,4
623.309717761,235,73,4
623.5605760005001,235,73,4
623.8112244965,235,73,4
624.0620632465,235,73,4
623.0597686230001,236,73,2
623.5605760005001,236,73,2
624.0620632465,236,73,2
623.0597686230001,237,73,1
624.0620632465,237,73,1
623.309717761,238,73,4
623.5605760005001,238,73,4
623.8112244965,238,73,4
624.0620632465,238,73,4
623.309717761,239,73,2
623.8112244965,239,73,2
623.5605760005001,240,73,4
623.8112244965,240,73,4
624.0620632465,240,73,4
623.5605760005001,241,73,2
624.0620632465,241,73,2
623.8112244965,242,73,4
624.0620632465,242,73,4
624.9528,243,74,3
625.2876768394999,243,74,3
625.622403678,243,74,3
625.9568553439999,243,74,3
624.9528,244,74,1
625.9568553439999,244,74,1
625.2876768394999,245,74,3
625.622403678,245,74,3
625.9568553439999,245,74,3
625.4281,246,75,4
625.67893875,246,75,4
625.5545999999999,247,76,4
625.8051686245001,247,76,4
626.0560073745,247,76,4
626.810230522,247,76,4
625.5545999999999,248,76,2
626.0560073745,248,76,2
625.622403678,249,74,3
625.9568553439999,249,74,3
625.8051686245001,250,76,4
626.0560073745,250,76,4
626.810230522,250,76,4
627.312020778,250,76,4
626.810230522,251,76,2
627.312020778,251,76,2
627.815667756,251,76,2
628.317345256,251,76,2
626.810230522,252,76,1
627.815667756,252,76,1
627.312020778,253,76,2
627.815667756,253,76,2
628.317345256,253,76,2
627.312020778,254,76,1
628.317345256,254,76,1
627.815667756,255,76,2
628.317345256,255,76,2
629.2764,256,77,2
629.7780775,256,77,2
630.0649,257,78,2
630.5665775,257,78,2
633.3012,258,79,2
633.8028775,258,79,2
638.8444,259,80,2
639.3448372519999,259,80,2
639.846514752,259,80,2
638.8444,260,80,1
639.846514752,260,80,1
639.3448372519999,261,80,2
639.846514752,261,80,2
643.8397,262,81,2
644.3413774999999,262,81,2
645.9932,263,82,3
646.3276516665001,263,82,3
647.8242,264,83,1
648.8275550000001,264,83,1
649.833211034,264,83,1
650.836741205,264,83,1
649.6691,265,83,3
650.003324831,265,83,3
650.3375899175,265,83,3
650.6722147465,265,83,3
649.6691,266,83,2
650.1703640845001,266,83,2
650.6722147465,266,83,2
652.1776110235,266,83,2
649.6691,267,83,1
650.6722147465,267,83,1
649.833211034,268,83,3
650.1703640845001,268,83,3
650.5045909195001,268,83,3
650.836741205,268,83,3
649.833211034,269,83,2
650.3375899175,269,83,2
650.836741205,269,83,2
650.003324831,270,83,3
650.3375899175,270,83,3
650.6722147465,270,83,3
650.003324831,271,83,2
650.5045909195001,271,83,2
650.1703640845001,272,83,3
650.5045909195001,272,83,3
650.836741205,272,83,3
652.1776110235,272,83,3
650.1703640845001,273,83,2
650.6722147465,273,83,2
652.1776110235,273,83,2
650.2842,274,84,2
650.7869402614999,274,84,2
651.2886177615001,274,84,2
650.2842,275,84,1
651.2886177615001,275,84,1
650.3375899175,276,83,3
650.6722147465,276,83,3
650.7869402614999,277,84,2
651.2886177615001,277,84,2
652.0518999999999,278,85,4
652.30273875,278,85,4
652.1776110235,279,83,4
652.42903875,279,83,4
657.2797,280,86,1
658.2834305125,280,86,1
659.2862244954999,280,86,1
658.2834305125,281,86,2
658.785187247,281,86,2
659.2862244954999,281,86,2
659.7879019955001,281,86,2
658.2834305125,282,86,1
659.2862244954999,282,86,1
658.785187247,283,86,2
659.2862244954999,283,86,2
659.7879019955001,283,86,2
658.785187247,284,86,1
659.7879019955001,284,86,1
659.2862244954999,285,86,2
659.7879019955001,285,86,2
661.3212000000001,286,87,2
661.822837245,286,87,2
662.3249402575,286,87,2
662.8266177575,286,87,2
663.3282952575,286,87,2
661.3212000000001,287,87,1
662.3249402575,287,87,1
663.3282952575,287,87,1
661.822837245,288,87,2
662.3249402575,288,87,2
662.8266177575,288,87,2
663.3282952575,288,87,2
661.822837245,289,87,1
662.8266177575,289,87,1
662.3249402575,290,87,2
662.8266177575,290,87,2
663.3282952575,290,87,2
662.8266177575,291,87,3
663.162776845,291,87,3
663.4970150940001,291,87,3
662.9938,292,87,3
663.3282952575,292,87,3
663.664240928,292,87,3
662.9938,293,87,2
663.4970150940001,293,87,2
663.0657,294,88,2
663.5673775,294,88,2
663.162776845,295,87,3
663.4970150940001,295,87,3
663.162776845,296,87,2
663.664240928,296,87,2
667.4996,297,89,2
668.0012775,297,89,2
671.2059999999999,298,90,4
671.4568387500001,298,90,4
682.3301,299,91,1
683.3346805169999,299,91,1
683.3346805169999,300,91,4
683.5887201395001,300,91,4
683.8375775,300,91,4
684.0903976395,300,91,4
683.3346805169999,301,91,2
683.8375775,301,91,2
683.5887201395001,302,91,2
684.0903976395,302,91,2
684.7308,303,92,3
685.0652516665,303,92,3
687.3604,304,93,3
687.6961768445001,304,93,3
688.0306285115,304,93,3
687.6961768445001,305,93,3
688.0306285115,305,93,3
692.811,306,94,2
693.3126775000001,306,94,2
699.3441,307,95,2
699.8450372495,307,95,2
700.3467147495,307,95,2
700.8483922495,307,95,2
699.3441,308,95,1
700.3467147495,308,95,1
699.8450372495,309,95,2
700.3467147495,309,95,2
700.8483922495,309,95,2
699.8450372495,310,95,1
700.8483922495,310,95,1
700.3467147495,311,95,2
700.8483922495,311,95,2
706.8408999999999,312,96,4
707.0910686264999,312,96,4
707.3412872525,312,96,4
707.591455879,312,96,4
707.8421245025,312,96,4
708.0927931260001,312,96,4
708.34341175,312,96,4
706.8408999999999,313,96,2
707.3412872525,313,96,2
707.8421245025,313,96,2
708.34341175,313,96,2
708.844769124,313,96,2
707.0910686264999,314,96,4
707.3412872525,314,96,4
707.591455879,314,96,4
707.8421245025,314,96,4
708.0927931260001,314,96,4
708.34341175,314,96,4
708.5932617475,314,96,4
707.0910686264999,315,96,2
707.591455879,315,96,2
708.0927931260001,315,96,2
708.5932617475,315,96,2
707.0910686264999,316,96,1
708.0927931260001,316,96,1
707.3412872525,317,96,4
707.591455879,317,96,4
707.8421245025,317,96,4
708.0927931260001,317,96,4
708.34341175,317,96,4
708.5932617475,317,96,4
708.844769124,317,96,4
707.3412872525,318,96,2
707.8421245025,318,96,2
708.34341175,318,96,2
708.844769124,318,96,2
707.3412872525,319,96,1
708.34341175,319,96,1
707.591455879,320,96,4
707.8421245025,320,96,4
708.0927931260001,320,96,4
708.34341175,320,96,4
708.5932617475,320,96,4
708.844769124,320,96,4
707.591455879,321,96,2
708.0927931260001,321,96,2
708.5932617475,321,96,2
707.591455879,322,96,1
708.5932617475,322,96,1
707.8421245025,323,96,4
708.0927931260001,323,96,4
708.34341175,323,96,4
708.5932617475,323,96,4
708.844769124,323,96,4
707.8421245025,324,96,2
708.34341175,324,96,2
708.844769124,324,96,2
707.8421245025,325,96,1
708.844769124,325,96,1
708.0927931260001,326,96,4
708.34341175,326,96,4
708.5932617475,326,96,4
708.844769124,326,96,4
708.0927931260001,327,96,2
708.5932617475,327,96,2
708.34341175,328,96,4
708.5932617475,328,96,4
708.844769124,328,96,4
708.34341175,329,96,2
708.844769124,329,96,2
708.5932617475,330,96,4
708.844769124,330,96,4
715.1445,331,97,1
716.1478549999999,331,97,1
715.5457,332,98,1
716.549055,332,98,1
716.8490999999999,333,99,3
717.1853768475,333,99,3
717.5198285145,333,99,3
717.1853768475,334,99,3
717.5198285145,334,99,3
720.011,335,100,3
720.3450248325,335,100,3
720.6793872495,335,100,3
721.0137013305,335,100,3
720.011,336,100,2
720.512324834,336,100,2
721.0137013305,336,100,2
720.011,337,100,1
721.0137013305,337,100,1
720.1785,338,100,3
720.512324834,338,100,3
721.1810647494999,338,100,3
720.1785,339,100,2
720.6793872495,339,100,2
721.1810647494999,339,100,2
720.1785,340,100,1
721.1810647494999,340,100,1
720.3450248325,341,100,3
720.6793872495,341,100,3
721.0137013305,341,100,3
720.512324834,342,100,2
721.0137013305,342,100,2
720.6793872495,343,100,3
721.0137013305,343,100,3
720.6793872495,344,100,2
721.1810647494999,344,100,2
724.3607,345,101,3
724.6947748325,345,101,3
725.0289996639999,345,101,3
725.3632244949999,345,101,3
725.6976493249999,345,101,3
726.0321009920001,345,101,3
724.3607,346,101,1
725.3632244949999,346,101,1
724.6947748325,347,101,3
725.0289996639999,347,101,3
725.3632244949999,347,101,3
725.6976493249999,347,101,3
726.0321009920001,347,101,3
724.6947748325,348,101,1
725.6976493249999,348,101,1
725.0289996639999,349,101,3
725.3632244949999,349,101,3
725.6976493249999,349,101,3
726.0321009920001,349,101,3
725.0289996639999,350,101,1
726.0321009920001,350,101,1
725.3632244949999,351,101,3
725.6976493249999,351,101,3
726.0321009920001,351,101,3
725.6976493249999,352,101,3
726.0321009920001,352,101,3
726.1435,353,102,1
727.146855,353,102,1
726.3567,354,103,1
727.360055,354,103,1
728.6214,355,104,4
728.87223875,355,104,4
738.6734,356,105,3
739.0070748345,356,105,3
739.3405496705,356,105,3
739.675001337,356,105,3
738.6734,357,105,1
739.675001337,357,105,1
739.0070748345,358,105,3
739.3405496705,358,105,3
739.675001337,358,105,3
739.3405496705,359,105,3
739.675001337,359,105,3
758.3804,360,106,2
758.8823402569999,360,106,2
759.384080512,360,106,2
759.885758012,360,106,2
758.3804,361,106,1
759.384080512,361,106,1
758.8823402569999,362,106,2
759.384080512,362,106,2
759.885758012,362,106,2
758.8823402569999,363,106,1
759.885758012,363,106,1
759.384080512,364,106,2
759.885758012,364,106,2
762.7520999999999,365,107,3
763.0865248299999,365,107,3
763.4208996605,365,107,3
763.7552244915,365,107,3
764.089676158,365,107,3
762.7520999999999,366,107,1
763.7552244915,366,107,1
763.0865248299999,367,107,3
763.4208996605,367,107,3
763.7552244915,367,107,3
764.089676158,367,107,3
763.0865248299999,368,107,1
764.089676158,368,107,1
763.4208996605,369,107,3
763.7552244915,369,107,3
764.089676158,369,107,3
763.7552244915,370,107,3
764.089676158,370,107,3
779.4014,371,108,1
780.404755,371,108,1
781.3575000000001,372,109,3
781.6917248315,372,109,3
782.026176498,372,109,3
781.6917248315,373,109,3
782.026176498,373,109,3
785.8516,374,110,3
786.1860516665,374,110,3
790.9259,375,111,2
791.4275775,375,111,2
795.6698,376,112,3
796.0042516665001,376,112,3
800.3803,377,113,2
800.8815140844999,377,113,2
800.5466,378,113,3
800.8815140844999,378,113,3
809.0781999999999,379,114,3
809.4128768380001,379,114,3
809.7473285045,379,114,3
809.4128768380001,380,114,3
809.7473285045,380,114,3
820.4716000000001,381,115,2
820.9738402580001,381,115,2
821.475517758,381,115,2
820.4716000000001,382,115,1
821.475517758,382,115,1
820.9738402580001,383,115,2
821.475517758,383,115,2
830.4077,384,116,3
830.7421516665,384,116,3
833.5685000000001,385,117,3
833.9035268405,385,117,3
834.2381409225,385,117,3
833.5685000000001,386,117,2
834.0708248349999,386,117,2
833.7372,387,117,3
834.0708248349999,387,117,3
834.405276502,387,117,3
833.7372,388,117,2
834.2381409225,388,117,2
833.9035268405,389,117,3
834.2381409225,389,117,3
834.0708248349999,390,117,3
834.405276502,390,117,3
847.7565999999999,391,118,2
848.2557640970001,391,118,2
847.9187999999999,392,118,3
848.2557640970001,392,118,3
847.9187999999999,393,118,2
848.420414082,393,118,2
848.0859,394,118,3
848.420414082,394,118,3
863.8127999999999,395,119,1
864.816155,395,119,1
864.0135,396,120,1
865.0168550000001,396,120,1
865.9237,397,121,2
866.4253902549999,397,121,2
866.9270372450001,397,121,2
867.428714745,397,121,2
865.9237,398,121,1
866.9270372450001,398,121,1
866.4253902549999,399,121,2
866.9270372450001,399,121,2
867.428714745,399,121,2
866.4253902549999,400,121,1
867.428714745,400,121,1
866.9270372450001,401,121,2
867.428714745,401,121,2
868.7357999999999,402,122,3
869.0679248434999,402,122,3
869.4023765105001,402,122,3
869.736364762,402,122,3
868.8993,403,122,3
869.2328248355,403,122,3
869.567199666,403,122,3
869.9020140895,403,122,3
868.8993,404,122,2
869.4023765105001,404,122,2
869.9020140895,404,122,2
868.8993,405,122,1
869.9020140895,405,122,1
869.0679248434999,406,122,3
869.4023765105001,406,122,3
869.736364762,406,122,3
869.0679248434999,407,122,2
869.567199666,407,122,2
872.0720734915001,407,122,2
869.2328248355,408,122,3
869.567199666,408,122,3
869.9020140895,408,122,3
869.2328248355,409,122,2
869.736364762,409,122,2
869.4023765105001,410,122,3
869.736364762,410,122,3
869.4023765105001,411,122,2
869.9020140895,411,122,2
872.407350333,411,122,2
869.567199666,412,122,3
869.9020140895,412,122,3
872.0720734915001,413,122,3
872.407350333,413,122,3
893.6804,414,123,4
893.9307186255,414,123,4
894.1806372535,414,123,4
894.4314760034999,414,123,4
894.682840267,414,123,4
894.9334186359999,414,123,4
895.184257386,414,123,4
893.6804,415,123,2
894.1806372535,415,123,2
894.682840267,415,123,2
895.184257386,415,123,2
893.6804,416,123,1
894.682840267,416,123,1
893.9307186255,417,123,4
894.1806372535,417,123,4
894.4314760034999,417,123,4
894.682840267,417,123,4
894.9334186359999,417,123,4
895.184257386,417,123,4
893.9307186255,418,123,2
894.4314760034999,418,123,2
894.9334186359999,418,123,2
893.9307186255,419,123,1
894.9334186359999,419,123,1
894.1806372535,420,123,4
894.4314760034999,420,123,4
894.682840267,420,123,4
894.9334186359999,420,123,4
895.184257386,420,123,4
894.1806372535,421,123,2
894.682840267,421,123,2
895.184257386,421,123,2
894.1806372535,422,123,1
895.184257386,422,123,1
894.4314760034999,423,123,4
894.682840267,423,123,4
894.9334186359999,423,123,4
895.184257386,423,123,4
894.4314760034999,424,123,2
894.9334186359999,424,123,2
894.682840267,425,123,4
894.9334186359999,425,123,4
895.184257386,425,123,4
894.9334186359999,426,123,4
895.184257386,426,123,4
914.931,427,124,2
915.432690255,427,124,2
915.93438051,427,124,2
916.4360580099999,427,124,2
914.931,428,124,1
915.93438051,428,124,1
915.432690255,429,124,2
915.93438051,429,124,2
916.4360580099999,429,124,2
915.432690255,430,124,1
916.4360580099999,430,124,1
915.93438051,431,124,2
916.4360580099999,431,124,2
919.1003000000001,432,125,3
919.4344748315,432,125,3
919.7691268394999,432,125,3
920.1035785060001,432,125,3
919.1003000000001,433,125,1
920.1035785060001,433,125,1
919.4344748315,434,125,3
919.7691268394999,434,125,3
920.1035785060001,434,125,3
919.7691268394999,435,125,3
920.1035785060001,435,125,3
937.9416,436,126,2
938.4437402574999,436,126,2
938.9454177575,436,126,2
939.4470952575,436,126,2
940.4504502575,436,126,2
937.9416,437,126,1
938.9454177575,437,126,1
938.4437402574999,438,126,2
938.9454177575,438,126,2
939.4470952575,438,126,2
940.4504502575,438,126,2
938.4437402574999,439,126,1
939.4470952575,439,126,1
940.4504502575,439,126,1
942.4541479805,439,126,1
938.9454177575,440,126,2
939.4470952575,440,126,2
940.4504502575,440,126,2
939.4470952575,441,126,1
940.4504502575,441,126,1
942.4541479805,441,126,1
943.456774818,441,126,1
942.1172,442,126,3
942.4541479805,442,126,3
942.7855996630001,442,126,3
943.1196244954999,442,126,3
943.456774818,442,126,3
942.1172,443,126,1
943.1196244954999,443,126,1
942.4541479805,444,126,3
942.7855996630001,444,126,3
943.1196244954999,444,126,3
943.456774818,444,126,3
942.4541479805,445,126,1
943.456774818,445,126,1
942.7855996630001,446,126,3
943.1196244954999,446,126,3
943.456774818,446,126,3
943.1196244954999,447,126,3
943.456774818,447,126,3
960.447,448,127,2
960.9486775,448,127,2
999.4499000000001,449,128,3
999.7843516665,449,128,3
